Feature ID	Taxon	Confidence
863728e1cec6befd5ba02d15baef4c36	d__Bacteria; p__Proteobacteria; c__Alphaproteobacteria; o__SAR11_clade; f__Clade_I; g__Clade_Ia	0.8793897072402264
20a0d2f150b3312772f5c00e54fd7baf	d__Bacteria; p__Bacteroidota; c__Bacteroidia; o__Flavobacteriales; f__Flavobacteriaceae; g__NS2b_marine_group	0.9610606676155435
2970af3e30642198ba1dfa1f304f310b	d__Archaea; p__Crenarchaeota; c__Nitrososphaeria; o__Nitrosopumilales; f__Nitrosopumilaceae; g__Candidatus_Nitrosopumilus	0.9992193756993082
f4ad315ec51d8bee23cb39f39bc8b019	d__Bacteria; p__Proteobacteria; c__Gammaproteobacteria; o__SAR86_clade; f__SAR86_clade; g__SAR86_clade; s__Rhodobacteraceae_bacterium	0.9305187070667428
bdf18e8980906003f3978e5ee578c9ea	d__Bacteria; p__Actinobacteriota; c__Acidimicrobiia; o__Actinomarinales; f__Actinomarinaceae; g__Candidatus_Actinomarina	0.9999999999832159
9c0fe787b120b62b93c3cb46d844d9fa	d__Bacteria; p__Planctomycetota; c__Planctomycetes; o__Pirellulales; f__Pirellulaceae; g__Blastopirellula; s__uncultured_Pirellula	0.9958239386817559
b8b0859fd6afcfc39c1a7e6a50415ca3	d__Bacteria; p__Proteobacteria; c__Alphaproteobacteria; o__Puniceispirillales; f__SAR116_clade; g__SAR116_clade; s__alpha_proteobacterium	0.988627681499729
167b5b3eeed0f9b502f7f1f245d5116c	d__Bacteria; p__Marinimicrobia_(SAR406_clade); c__Marinimicrobia_(SAR406_clade); o__Marinimicrobia_(SAR406_clade); f__Marinimicrobia_(SAR406_clade); g__Marinimicrobia_(SAR406_clade); s__unidentified_marine	0.9985013631110464
86cd70d2450e3f44f4a7c543f53008ee	d__Bacteria; p__Cyanobacteria; c__Cyanobacteriia; o__Synechococcales; f__Cyanobiaceae; g__Prochlorococcus_MIT9313	0.9968626446623088
b079d9bfa3d84b0bdc2c1398d247150e	d__Bacteria; p__Bacteroidota; c__Bacteroidia; o__Flavobacteriales; f__Flavobacteriaceae; g__Formosa	0.9864906226892034
32debaa2edfdd6b9fcefff9d65ff740f	d__Bacteria; p__Chloroflexi; c__Dehalococcoidia; o__SAR202_clade; f__SAR202_clade; g__SAR202_clade	0.9479993793289121
beb8cb17f8152e488b6bc95bfcdb484f	d__Bacteria; p__Actinobacteriota; c__Acidimicrobiia; o__Actinomarinales; f__Actinomarinaceae; g__Candidatus_Actinomarina	0.9999999998864688
0b1c2b9ed02095f223b442c9bdd35006	d__Bacteria; p__Proteobacteria; c__Alphaproteobacteria; o__Rhodospirillales; f__AEGEAN-169_marine_group; g__AEGEAN-169_marine_group; s__metagenome	0.9465168817785655
06ad8aee2710d4b77d4121a90e32bfb7	d__Bacteria; p__Bacteroidota; c__Bacteroidia; o__Flavobacteriales; f__Flavobacteriaceae; g__NS5_marine_group	0.9999829925955211
e7e4bfdc8dfad206c1f1638a29b2f703	d__Bacteria; p__Bacteroidota; c__Bacteroidia; o__Flavobacteriales; f__NS9_marine_group; g__NS9_marine_group; s__marine_metagenome	0.7815333440819414
c97ab403dfec27de969d1b6debc9e4fb	d__Archaea; p__Crenarchaeota; c__Nitrososphaeria; o__Nitrosopumilales; f__Nitrosopumilaceae; g__Nitrosopumilaceae	0.998650748842225
0b7809b1b04598cfc5bbf6264159dde9	d__Archaea; p__Thermoplasmatota; c__Thermoplasmata; o__Marine_Group_II; f__Marine_Group_II; g__Marine_Group_II	0.999999999690536
af221dfa5b6c65292b9eaacdbeae6b0e	d__Bacteria; p__Proteobacteria; c__Gammaproteobacteria; o__Cellvibrionales; f__Porticoccaceae; g__SAR92_clade	0.9999919736315384
843d32e6b6c1caf98f73a506a167e307	d__Bacteria; p__Proteobacteria; c__Gammaproteobacteria; o__SAR86_clade; f__SAR86_clade; g__SAR86_clade; s__uncultured_bacterium	0.7924107910073446
339277019fe12bc3cac9b8895e27d5cc	d__Bacteria; p__Verrucomicrobiota; c__Verrucomicrobiae; o__Opitutales; f__Puniceicoccaceae; g__MB11C04_marine_group	0.999999986378415
cc1e9cc7b5d5c955b025d6e85c5bab2d	d__Bacteria; p__Proteobacteria; c__Gammaproteobacteria; o__SAR86_clade; f__SAR86_clade; g__SAR86_clade; s__metagenome	0.9998167427611795
ddeb7a85942593ec57e0cd5f3e06701e	d__Bacteria; p__Proteobacteria; c__Alphaproteobacteria; o__Puniceispirillales; f__SAR116_clade; g__Candidatus_Puniceispirillum	0.9882796532574069
04debd4e185cf2ec94cb216af595d8bd	d__Bacteria; p__Bacteroidota; c__Bacteroidia; o__Flavobacteriales; f__NS9_marine_group; g__NS9_marine_group; s__marine_metagenome	0.7020211490642055
